Hashed_Participant_ID,State,MMM_Code,Age_Band,Primary_Disability,Disability_Onset_Type,Deceased_Date,NDIS_Region,First_Time_AT_Buyer_Flag
63c4222ff3fcaf20584851333e1e7340,VIC,MMM5,10-14,Physical,Congenital,,NT-5,N
1e80a8c5eed844f9129452fd501b74ea,WA,MMM7,50-54,Physical,Congenital,,QLD-4,N
a4c9d216f27fe10bdafda38030847268,VIC,MMM4,20-24,Psychosocial,Congenital,,ACT-2,N
bd116d4eb5a975d98bd6d4bb4e06e7ea,QLD,MMM3,15-19,Physical,Acquired,,QLD-3,N
9438469688117896fbf31c1071c171b6,TAS,MMM6,30-34,Physical,Acquired,,QLD-4,N
c7e5c02b823e1ccf691d200bc01a9b0e,NSW,MMM5,20-24,Physical,Congenital,,WA-1,N
6fa8ad8db408d2493a4514d075357be4,VIC,MMM6,30-34,Psychosocial,Acquired,,NT-5,N
ea7b21656c1cecdceb202172bf8e1444,TAS,MMM7,40-44,Autism,Acquired,,VIC-4,N
125231f06999f744a52b5f6ef22e2a83,ACT,MMM3,60-64,Physical,Acquired,,NT-4,N
fe86c676ade1197e7117592fd9808b8d,QLD,MMM3,25-29,Intellectual,Acquired,,NT-1,N
a4957da1d0b50c34c039995dd5357b40,SA,MMM4,60-64,Sensory,Congenital,,WA-3,N
f79821d1d61c5502c563680a56184c76,TAS,MMM2,55-59,Autism,Congenital,,SA-4,N
571447ee9981eee2759d2ae0457afb14,TAS,MMM2,10-14,Sensory,Acquired,,WA-3,N
a390ee4f3d895a75745b692c2559ee1b,VIC,MMM7,20-24,Psychosocial,Acquired,,VIC-2,N
686d27e0dd7f4c2a430d7f9f51e61623,SA,MMM1,35-39,Intellectual,Congenital,,TAS-3,N
92bb0cc3d21d3c0a9f739819d732a1c1,WA,MMM4,60-64,Psychosocial,Acquired,,TAS-3,N
f67db044457ab7ee328b583c2b27c89b,NT,MMM3,65-69,Psychosocial,Congenital,,SA-4,N
da15e345edc99490793d85c39e69f823,TAS,MMM7,60-64,Psychosocial,Congenital,,TAS-1,N
95f66df583cc367935f10b0aaf077ff9,SA,MMM2,20-24,Autism,Acquired,,NSW-4,N
cd4fba932612b00385de79b27f4c4ad4,NT,MMM1,65-69,Sensory,Acquired,,WA-4,N
97067b9f5c983021f2648facc01ff1db,NSW,MMM5,20-24,Sensory,Acquired,,TAS-4,N
b5332621b92d09d059c22417ca9d351a,WA,MMM4,20-24,Physical,Acquired,,NT-2,N
335973ea1be1748e76fac8b1f48d5d3c,NSW,MMM1,45-49,Sensory,Congenital,,ACT-4,N
ca8b9f8bc88245d8317569e1da51fb06,SA,MMM6,65-69,Physical,Congenital,,QLD-2,N
a923303ac2674ee20d3b7c079d678ceb,ACT,MMM4,45-49,Physical,Acquired,,TAS-2,N
5a12fcf5024aa55c5327f561def61f49,VIC,MMM2,25-29,Sensory,Congenital,,WA-1,N
f571a3a846db725ff5ed2a5dbbe0dad5,TAS,MMM6,20-24,Physical,Acquired,,WA-5,N
7d068e4dd332c6343df3cf04f2aa2538,NSW,MMM2,45-49,Sensory,Acquired,,WA-1,N
dfa22e676bedf64bd03a3ab0de5780f1,WA,MMM4,35-39,Sensory,Congenital,,QLD-2,N
eb2a620c53d8657d2e0287f52823cebb,WA,MMM7,55-59,Psychosocial,Congenital,,VIC-4,N
53c780cb6de337ef422bdc63e530a55b,TAS,MMM5,35-39,Autism,Acquired,,SA-2,N
eebddaf8d2a808b89120b37ed06812c6,NSW,MMM4,45-49,Intellectual,Congenital,,SA-2,N
208018f6ffd7f414de6c42d94a9f317b,SA,MMM1,20-24,Sensory,Congenital,,SA-4,N
70eb0474a95b6589be871e7cd61ece1d,ACT,MMM4,50-54,Psychosocial,Congenital,,WA-4,N
82b527bacf268174756773cfbfe715b8,ACT,MMM3,60-64,Sensory,Acquired,,NSW-1,N
025ba851d0cff29bddedd192d952ba27,SA,MMM3,20-24,Sensory,Acquired,,NSW-2,N
96ed7379a5c39f2a4a8299911b5e04ee,NT,MMM7,15-19,Autism,Acquired,,WA-4,N
3ec522090d4a7031cb86af5c97abd525,QLD,MMM4,35-39,Psychosocial,Acquired,,ACT-5,N
da38a7734104a965b30ff79bcec0f163,SA,MMM1,45-49,Sensory,Acquired,,NT-2,N
2f136647672b1c289a33a26ea8c7ac75,VIC,MMM2,65-69,Autism,Congenital,2024-03-22,NSW-5,N
52e635a726a570633ded7e63edc236da,VIC,MMM1,20-24,Intellectual,Acquired,,VIC-2,N
77a90c0eee31225a8e86184a4a205a76,WA,MMM2,40-44,Physical,Congenital,,NSW-2,N
247a2f18cd123ddd68e27e9edb2bcbdf,SA,MMM3,55-59,Autism,Acquired,,TAS-4,N
836f81d4d71880ef63f27623c4cdb8e8,WA,MMM7,15-19,Sensory,Congenital,,VIC-2,N
1ba21bc3fc85cafea001727ea8024716,TAS,MMM7,30-34,Sensory,Congenital,,ACT-2,N
e28031ccb9e454c25e0def7d61db96e9,WA,MMM2,15-19,Intellectual,Acquired,,QLD-5,N
f6b52174efa210bcf49773afd3e2ebe4,QLD,MMM1,30-34,Sensory,Congenital,,NSW-5,N
e00d700c5f9563482964abc1efe45a23,TAS,MMM4,50-54,Physical,Congenital,,QLD-4,N
c8be89e036383f3eda3c34331221a99e,VIC,MMM2,10-14,Autism,Congenital,,VIC-3,N
5b216381b0d6a7cb279c614c0a1cf958,QLD,MMM5,10-14,Sensory,Congenital,2025-01-12,QLD-4,N
6bf199062a325ad109299dba2792592d,QLD,MMM4,10-14,Intellectual,Congenital,2024-01-29,ACT-1,N
09a57a8c25271b4591c88c13497fada1,TAS,MMM7,20-24,Physical,Acquired,,ACT-5,N
8eec97457450534473ef06ad2a232842,NSW,MMM7,25-29,Psychosocial,Acquired,,TAS-2,N
0a2746512220cafe1949dbbfd302c8f8,ACT,MMM2,30-34,Physical,Acquired,,NSW-3,N
da14a1071820131b60b9194b3cb7884e,WA,MMM4,70-74,Autism,Acquired,,NT-4,N
1e4b226bb6b424cddf2df42e89adebf1,NSW,MMM4,60-64,Physical,Congenital,,ACT-4,N
a8b09d4e96dd2166fe1c53fff543cb9c,ACT,MMM6,25-29,Autism,Acquired,2025-05-30,WA-4,N
a46b0f35539f274e3cb56a28b477f65f,VIC,MMM6,60-64,Autism,Acquired,,VIC-1,N
d7ee9bfbc9029e1a20287dbe40615d21,ACT,MMM2,10-14,Intellectual,Congenital,,QLD-1,N
f400319bdf38bd1cd0cdd26be5fd3ff7,WA,MMM4,50-54,Intellectual,Acquired,,ACT-3,N
a779e46aefe7ba642f18e8ca3755b6b7,SA,MMM3,55-59,Intellectual,Acquired,,NSW-3,N
69adae9a03cc5d479c7927a42b771d75,NT,MMM3,35-39,Psychosocial,Acquired,,WA-1,N
a120da72c84fbda134310fd381c9ac33,NSW,MMM1,60-64,Psychosocial,Congenital,,TAS-5,N
887856e23742a8598538f832e343008e,ACT,MMM5,55-59,Psychosocial,Acquired,,WA-1,N
15c51319a2f4ce25a053048a910c8804,NT,MMM1,55-59,Psychosocial,Acquired,,ACT-1,N
506d21177ae37515e68d2da14664b0f4,ACT,MMM4,60-64,Autism,Acquired,,QLD-5,N
0a8a7bfcffac91393d42126c3328a8c7,NSW,MMM3,50-54,Autism,Congenital,,NT-4,N
047b8da4d691fc193c16d7b168394697,NT,MMM7,10-14,Intellectual,Congenital,,QLD-5,N
9dce8f91ba8b0112e2e33254cda15e16,ACT,MMM1,50-54,Autism,Acquired,,SA-4,N
930b6983dee9e93f265a356aeb05ff87,VIC,MMM3,65-69,Sensory,Congenital,2024-10-10,SA-2,N
32b39fc31396b582de6fdb2cce6cc2bb,SA,MMM7,55-59,Physical,Acquired,,NSW-5,N
4c82d9a422c7db1a37912f59b2d417dd,TAS,MMM3,55-59,Sensory,Congenital,,WA-2,N
35dc8eca7e7d5442dc3a196b5e1716bc,NSW,MMM4,15-19,Psychosocial,Congenital,,VIC-1,N
025a9a3fa705a60524fde38aea66e13b,NSW,MMM2,35-39,Sensory,Acquired,,ACT-4,N
7d0e2831975968f3b0b3dcc54f51f874,SA,MMM7,20-24,Psychosocial,Acquired,,NT-1,N
28c2726c7554483c8d77225e3dfc91bf,VIC,MMM5,65-69,Psychosocial,Congenital,,WA-4,N
38b0dc603760be93ca06a0470361a8d7,NT,MMM2,65-69,Psychosocial,Acquired,,WA-5,N
13583bb1d4525eea686fbd2f26cd7bdd,VIC,MMM6,45-49,Psychosocial,Acquired,,QLD-4,N
dc3330d490c83a70543af027332f2bab,NT,MMM1,10-14,Autism,Acquired,,VIC-5,N
81fb16414885dedd75bda05f2277fc6c,SA,MMM7,10-14,Sensory,Acquired,,WA-1,N
2c791bd142a240e36eb1548b552de568,ACT,MMM1,60-64,Sensory,Acquired,,ACT-3,N
4a76a3781dbfd70796c760f91449f5f9,TAS,MMM1,50-54,Physical,Congenital,,ACT-2,N
5520b75fc38f786f4b191c5794ddd7a4,QLD,MMM4,45-49,Autism,Congenital,,NT-2,N
f00a90afe1b45d6a390c7f29d038d95e,WA,MMM6,50-54,Psychosocial,Acquired,,NSW-5,N
f76d5d5e977eb2e4e9c933610829f350,NSW,MMM5,60-64,Sensory,Congenital,,QLD-3,N
ccf421243c257c15f9519bed880f4715,NSW,MMM2,60-64,Physical,Congenital,,TAS-5,N
c3983fb43f43f0f25bfb4cb1d2be5ce3,VIC,MMM4,55-59,Autism,Congenital,,WA-2,N
ca9e3900d6502f66f06af29e199a5758,TAS,MMM5,30-34,Autism,Acquired,,VIC-5,N
c123783c0c01eb7061a7cfcd73194c06,NT,MMM3,10-14,Physical,Congenital,,QLD-3,N
768bdd6ee2b1c44f968060018aaa8685,QLD,MMM6,65-69,Physical,Congenital,,WA-1,N
78ef8b35763a9f3e1ce518575bcdec88,QLD,MMM1,25-29,Sensory,Congenital,,TAS-1,N
8f4e3ea4a0decf02a398060787d94d0c,SA,MMM1,50-54,Psychosocial,Congenital,,SA-2,N
c61079670b2998bcab10264d71fe248b,WA,MMM4,55-59,Autism,Acquired,2024-01-28,QLD-3,N
d2d113de716aab92dd448673d908593c,WA,MMM7,55-59,Physical,Acquired,,ACT-1,N
f18ab1cde435ffbe3b240c501443fa24,ACT,MMM1,50-54,Physical,Congenital,2024-08-05,VIC-1,N
b95ed923a70e8a79908669dc765ffe4e,SA,MMM2,15-19,Sensory,Congenital,,ACT-1,N
9841001d8ebda5d9b2825207063e5b70,SA,MMM3,40-44,Psychosocial,Congenital,,NSW-3,N
0b1191d0fe69cfc4d421e5837b3a0f05,SA,MMM3,30-34,Sensory,Acquired,,VIC-5,N
68009372a41e1a87d4efd208c5978df6,VIC,MMM1,65-69,Intellectual,Congenital,,NT-5,N
587e34cba2eba887f34a2dacac46400f,QLD,MMM7,55-59,Sensory,Congenital,,VIC-1,N
822678fd5e8e62412137f442af335469,TAS,MMM3,25-29,Intellectual,Acquired,,ACT-1,N
db18e2c982c1130b13711fa37a9229c4,ACT,MMM4,60-64,Physical,Acquired,,NT-3,N
9881ab69757b54818e4c4516926d9146,VIC,MMM2,60-64,Psychosocial,Acquired,,SA-2,N
3285b63cbe0db56ce627398c74d18e2f,NSW,MMM2,20-24,Autism,Acquired,,NSW-4,N
702a0a14bd78e20a2107a7bbce95ab49,WA,MMM1,50-54,Sensory,Congenital,2024-07-31,VIC-1,N
556996fae81f6c6668285c65e9d8feb5,NSW,MMM7,65-69,Autism,Acquired,,SA-3,N
81c5dcc8e217eeba1d4dfa48d4c1d713,NT,MMM5,40-44,Physical,Congenital,,TAS-2,N
ae55e1da098ad5efc535c5f3d3804a0c,SA,MMM3,55-59,Sensory,Congenital,,TAS-2,N
7cd6c2a70ed5140d3d48e7ab790c81c6,SA,MMM2,30-34,Intellectual,Congenital,,ACT-5,N
339e0a7570dccefe7a9396a76351ce94,SA,MMM7,60-64,Psychosocial,Congenital,,VIC-3,N
85cdf31e730591ce7e5812a3c8e4c720,QLD,MMM4,20-24,Intellectual,Acquired,,TAS-4,N
fc99718595cbb5a11ee7000f58164ceb,SA,MMM3,65-69,Intellectual,Acquired,,NT-3,N
e593acfbfb424d66dec48440d3b0a6eb,TAS,MMM2,20-24,Psychosocial,Congenital,2024-07-25,QLD-5,N
f064c32a2f0f253307987d5ccfe5b99c,QLD,MMM2,45-49,Physical,Acquired,,SA-4,N
8dcfb52aabdaa74bb865bab2ef38406f,TAS,MMM3,25-29,Autism,Congenital,,NSW-5,N
0557dfcb6520443bca07aa6b364054ad,SA,MMM3,10-14,Autism,Acquired,,NT-4,N
b9234293c93052e9aff1c01368e00e07,NSW,MMM5,10-14,Physical,Congenital,,TAS-3,N
6da0ddf92b51743bcd9670a03db89324,QLD,MMM3,40-44,Sensory,Congenital,,NT-3,N
3dbfad08790d6813c38022104200e4e6,NSW,MMM6,30-34,Autism,Congenital,,TAS-4,N
cb5e421007414d2d0eba35b10daa9918,SA,MMM3,45-49,Autism,Congenital,,ACT-1,N
