Plan_ID,Hashed_Participant_ID,Plan_Start_Date,Plan_End_Date,Delivery_Channel,Plan_Management_Mode,Capital_AT_Budget_Total_AUD,CB_AT_Hours_Budget,Variation_Type,Address_Type_History,Hospitalised_During_Plan_Flag
PL1000,63c4222ff3fcaf20584851333e1e7340,2024-03-30,2025-03-05,phone,Plan,45271.13,18.2,Full-Reassess,"[{""Address_Type"": ""SIL"", ""Effective_Date"": ""2024-03-30""}]",Y
PL1001,1e80a8c5eed844f9129452fd501b74ea,2024-05-30,2025-05-28,digital,Plan,25217.39,3.9,Light-Touch,"[{""Address_Type"": ""Private"", ""Effective_Date"": ""2024-05-30""}]",N
PL1002,a4c9d216f27fe10bdafda38030847268,2023-12-18,2024-12-04,phone,Self,22901.39,7.0,Full-Reassess,"[{""Address_Type"": ""SDA"", ""Effective_Date"": ""2023-12-18""}]",N
PL1003,bd116d4eb5a975d98bd6d4bb4e06e7ea,2024-07-04,2025-06-03,phone,Self,24411.58,34.1,Light-Touch,"[{""Address_Type"": ""RACF"", ""Effective_Date"": ""2024-07-04""}]",N
PL1004,9438469688117896fbf31c1071c171b6,2023-12-19,2024-12-09,face-to-face,Self,42781.23,25.7,Initial,"[{""Address_Type"": ""SDA"", ""Effective_Date"": ""2023-12-19""}]",N
PL1005,c7e5c02b823e1ccf691d200bc01a9b0e,2023-11-16,2024-11-03,face-to-face,Self,23529.05,21.0,Light-Touch,"[{""Address_Type"": ""SIL"", ""Effective_Date"": ""2023-11-16""}]",N
PL1006,6fa8ad8db408d2493a4514d075357be4,2023-12-14,2024-11-19,phone,Agency,5705.25,16.5,Initial,"[{""Address_Type"": ""SDA"", ""Effective_Date"": ""2023-12-14""}]",Y
PL1007,ea7b21656c1cecdceb202172bf8e1444,2024-05-21,2025-05-10,digital,Self,11132.17,13.5,Full-Reassess,"[{""Address_Type"": ""SIL"", ""Effective_Date"": ""2024-05-21""}]",N
PL1008,125231f06999f744a52b5f6ef22e2a83,2024-04-05,2025-03-22,phone,Plan,54829.75,31.3,Initial,"[{""Address_Type"": ""SIL"", ""Effective_Date"": ""2024-04-05""}]",N
PL1009,fe86c676ade1197e7117592fd9808b8d,2023-10-15,2024-10-07,face-to-face,Agency,10313.61,32.9,Light-Touch,"[{""Address_Type"": ""SDA"", ""Effective_Date"": ""2023-10-15""}]",N
PL1010,a4957da1d0b50c34c039995dd5357b40,2024-06-23,2025-06-07,phone,Self,35092.32,28.5,Initial,"[{""Address_Type"": ""Private"", ""Effective_Date"": ""2024-06-23""}]",N
PL1011,f79821d1d61c5502c563680a56184c76,2023-06-28,2024-06-03,digital,Plan,8594.87,1.3,Light-Touch,"[{""Address_Type"": ""SIL"", ""Effective_Date"": ""2023-06-28""}]",N
PL1012,571447ee9981eee2759d2ae0457afb14,2024-01-01,2024-12-20,phone,Self,21474.73,37.3,Full-Reassess,"[{""Address_Type"": ""RACF"", ""Effective_Date"": ""2024-01-01""}]",N
PL1013,a390ee4f3d895a75745b692c2559ee1b,2024-07-24,2025-06-30,phone,Self,59407.14,18.6,Light-Touch,"[{""Address_Type"": ""Private"", ""Effective_Date"": ""2024-07-24""}]",N
PL1014,686d27e0dd7f4c2a430d7f9f51e61623,2024-02-20,2025-02-08,face-to-face,Agency,15745.14,13.1,Initial,"[{""Address_Type"": ""SIL"", ""Effective_Date"": ""2024-02-20""}]",N
PL1015,92bb0cc3d21d3c0a9f739819d732a1c1,2023-08-24,2024-08-17,digital,Plan,59261.43,39.9,Light-Touch,"[{""Address_Type"": ""SIL"", ""Effective_Date"": ""2023-08-24""}]",N
PL1016,f67db044457ab7ee328b583c2b27c89b,2023-08-28,2024-08-17,digital,Agency,17472.81,2.6,Light-Touch,"[{""Address_Type"": ""RACF"", ""Effective_Date"": ""2023-08-28""}]",N
PL1017,da15e345edc99490793d85c39e69f823,2023-10-15,2024-10-23,face-to-face,Plan,47368.24,38.2,Full-Reassess,"[{""Address_Type"": ""RACF"", ""Effective_Date"": ""2023-10-15""}]",N
PL1018,95f66df583cc367935f10b0aaf077ff9,2023-09-29,2024-10-03,digital,Plan,38175.32,2.4,Light-Touch,"[{""Address_Type"": ""Private"", ""Effective_Date"": ""2023-09-29""}]",N
PL1019,cd4fba932612b00385de79b27f4c4ad4,2024-07-15,2025-06-30,phone,Plan,56560.42,16.4,Light-Touch,"[{""Address_Type"": ""Private"", ""Effective_Date"": ""2024-07-15""}]",N
PL1020,97067b9f5c983021f2648facc01ff1db,2023-06-05,2024-04-30,phone,Agency,16774.24,39.2,Full-Reassess,"[{""Address_Type"": ""SDA"", ""Effective_Date"": ""2023-06-05""}]",N
PL1021,b5332621b92d09d059c22417ca9d351a,2024-08-02,2025-06-30,phone,Self,40744.63,5.3,Initial,"[{""Address_Type"": ""SIL"", ""Effective_Date"": ""2024-08-02""}]",N
PL1022,335973ea1be1748e76fac8b1f48d5d3c,2024-05-21,2025-05-04,phone,Agency,20831.63,14.2,Light-Touch,"[{""Address_Type"": ""RACF"", ""Effective_Date"": ""2024-05-21""}]",N
PL1023,ca8b9f8bc88245d8317569e1da51fb06,2024-01-15,2025-01-02,phone,Agency,18502.02,31.9,Full-Reassess,"[{""Address_Type"": ""SIL"", ""Effective_Date"": ""2024-01-15""}]",N
PL1024,a923303ac2674ee20d3b7c079d678ceb,2024-03-11,2025-02-13,face-to-face,Plan,17178.89,24.5,Light-Touch,"[{""Address_Type"": ""SIL"", ""Effective_Date"": ""2024-03-11""}]",N
PL1025,5a12fcf5024aa55c5327f561def61f49,2024-01-22,2024-12-19,face-to-face,Agency,46567.33,16.3,Initial,"[{""Address_Type"": ""SIL"", ""Effective_Date"": ""2024-01-22""}]",N
PL1026,f571a3a846db725ff5ed2a5dbbe0dad5,2023-12-13,2024-12-14,face-to-face,Agency,19746.16,26.0,Initial,"[{""Address_Type"": ""Private"", ""Effective_Date"": ""2023-12-13""}]",N
PL1027,7d068e4dd332c6343df3cf04f2aa2538,2023-09-11,2024-09-11,face-to-face,Self,30380.67,2.3,Full-Reassess,"[{""Address_Type"": ""RACF"", ""Effective_Date"": ""2023-09-11""}]",N
PL1028,dfa22e676bedf64bd03a3ab0de5780f1,2024-02-13,2025-02-02,phone,Agency,24735.94,31.8,Light-Touch,"[{""Address_Type"": ""SIL"", ""Effective_Date"": ""2024-02-13""}]",N
PL1029,eb2a620c53d8657d2e0287f52823cebb,2024-04-13,2025-03-25,phone,Agency,27187.35,37.9,Full-Reassess,"[{""Address_Type"": ""SDA"", ""Effective_Date"": ""2024-04-13""}]",N
PL1030,53c780cb6de337ef422bdc63e530a55b,2023-09-07,2024-08-06,face-to-face,Plan,18382.18,30.4,Initial,"[{""Address_Type"": ""Private"", ""Effective_Date"": ""2023-09-07""}]",N
PL1031,eebddaf8d2a808b89120b37ed06812c6,2023-07-19,2024-08-01,face-to-face,Self,14079.92,18.8,Full-Reassess,"[{""Address_Type"": ""SDA"", ""Effective_Date"": ""2023-07-19""}]",N
PL1032,208018f6ffd7f414de6c42d94a9f317b,2023-10-16,2024-09-15,face-to-face,Agency,42444.86,12.3,Full-Reassess,"[{""Address_Type"": ""SDA"", ""Effective_Date"": ""2023-10-16""}]",Y
PL1033,70eb0474a95b6589be871e7cd61ece1d,2024-01-29,2025-01-13,digital,Self,22114.95,2.6,Full-Reassess,"[{""Address_Type"": ""SDA"", ""Effective_Date"": ""2024-01-29""}]",N
PL1034,82b527bacf268174756773cfbfe715b8,2024-02-06,2025-01-18,digital,Agency,41439.46,28.2,Full-Reassess,"[{""Address_Type"": ""SIL"", ""Effective_Date"": ""2024-02-06""}]",N
PL1035,025ba851d0cff29bddedd192d952ba27,2023-10-03,2024-09-22,digital,Agency,9744.03,24.2,Initial,"[{""Address_Type"": ""Private"", ""Effective_Date"": ""2023-10-03""}]",N
PL1036,96ed7379a5c39f2a4a8299911b5e04ee,2023-11-30,2024-11-07,digital,Self,46465.25,8.9,Full-Reassess,"[{""Address_Type"": ""Private"", ""Effective_Date"": ""2023-11-30""}]",N
PL1037,3ec522090d4a7031cb86af5c97abd525,2023-11-13,2024-10-18,phone,Plan,27697.84,21.2,Full-Reassess,"[{""Address_Type"": ""Private"", ""Effective_Date"": ""2023-11-13""}]",N
PL1038,da38a7734104a965b30ff79bcec0f163,2024-07-13,2025-06-30,face-to-face,Agency,12483.06,17.7,Initial,"[{""Address_Type"": ""RACF"", ""Effective_Date"": ""2024-07-13""}]",N
PL1039,2f136647672b1c289a33a26ea8c7ac75,2024-01-29,2025-01-10,digital,Self,48625.71,31.7,Full-Reassess,"[{""Address_Type"": ""Private"", ""Effective_Date"": ""2024-01-29""}]",N
PL1040,52e635a726a570633ded7e63edc236da,2024-04-28,2025-05-04,phone,Plan,48021.92,35.5,Initial,"[{""Address_Type"": ""SIL"", ""Effective_Date"": ""2024-04-28""}]",N
PL1041,77a90c0eee31225a8e86184a4a205a76,2023-07-14,2024-06-17,phone,Plan,48286.83,4.2,Light-Touch,"[{""Address_Type"": ""Private"", ""Effective_Date"": ""2023-07-14""}]",N
PL1042,247a2f18cd123ddd68e27e9edb2bcbdf,2023-11-21,2024-10-20,face-to-face,Agency,29962.13,21.6,Full-Reassess,"[{""Address_Type"": ""RACF"", ""Effective_Date"": ""2023-11-21""}]",N
PL1043,836f81d4d71880ef63f27623c4cdb8e8,2023-08-10,2024-08-24,face-to-face,Self,48262.96,17.0,Full-Reassess,"[{""Address_Type"": ""SIL"", ""Effective_Date"": ""2023-08-10""}]",N
PL1044,1ba21bc3fc85cafea001727ea8024716,2024-05-03,2025-04-28,digital,Self,26077.71,27.2,Initial,"[{""Address_Type"": ""RACF"", ""Effective_Date"": ""2024-05-03""}]",N
PL1045,e28031ccb9e454c25e0def7d61db96e9,2023-06-04,2024-05-03,digital,Self,47681.03,6.6,Initial,"[{""Address_Type"": ""RACF"", ""Effective_Date"": ""2023-06-04""}]",N
PL1046,f6b52174efa210bcf49773afd3e2ebe4,2023-08-01,2024-07-07,phone,Self,29839.18,29.5,Full-Reassess,"[{""Address_Type"": ""Private"", ""Effective_Date"": ""2023-08-01""}]",N
PL1047,e00d700c5f9563482964abc1efe45a23,2024-05-19,2025-05-24,phone,Agency,41643.01,19.5,Initial,"[{""Address_Type"": ""Private"", ""Effective_Date"": ""2024-05-19""}]",N
PL1048,c8be89e036383f3eda3c34331221a99e,2023-08-01,2024-07-19,phone,Agency,42822.08,28.8,Initial,"[{""Address_Type"": ""SDA"", ""Effective_Date"": ""2023-08-01""}]",N
PL1049,5b216381b0d6a7cb279c614c0a1cf958,2023-11-08,2024-10-20,face-to-face,Plan,46683.6,12.4,Initial,"[{""Address_Type"": ""SIL"", ""Effective_Date"": ""2023-11-08""}]",N
PL1050,6bf199062a325ad109299dba2792592d,2023-11-12,2024-11-15,face-to-face,Plan,30980.61,9.4,Full-Reassess,"[{""Address_Type"": ""RACF"", ""Effective_Date"": ""2023-11-12""}]",N
PL1051,09a57a8c25271b4591c88c13497fada1,2023-11-28,2024-11-24,face-to-face,Plan,35964.12,14.1,Light-Touch,"[{""Address_Type"": ""RACF"", ""Effective_Date"": ""2023-11-28""}]",N
PL1052,8eec97457450534473ef06ad2a232842,2023-10-15,2024-10-03,face-to-face,Plan,17438.27,35.8,Initial,"[{""Address_Type"": ""SDA"", ""Effective_Date"": ""2023-10-15""}]",N
PL1053,0a2746512220cafe1949dbbfd302c8f8,2023-10-20,2024-10-19,face-to-face,Self,35186.03,3.0,Full-Reassess,"[{""Address_Type"": ""Private"", ""Effective_Date"": ""2023-10-20""}]",N
PL1054,da14a1071820131b60b9194b3cb7884e,2023-10-03,2024-09-11,phone,Agency,46267.23,21.5,Light-Touch,"[{""Address_Type"": ""SDA"", ""Effective_Date"": ""2023-10-03""}]",N
PL1055,1e4b226bb6b424cddf2df42e89adebf1,2024-05-09,2025-05-04,phone,Agency,37966.18,20.7,Full-Reassess,"[{""Address_Type"": ""Private"", ""Effective_Date"": ""2024-05-09""}]",Y
PL1056,a8b09d4e96dd2166fe1c53fff543cb9c,2024-03-04,2025-02-13,phone,Self,7487.04,10.6,Full-Reassess,"[{""Address_Type"": ""SIL"", ""Effective_Date"": ""2024-03-04""}]",Y
PL1057,a46b0f35539f274e3cb56a28b477f65f,2024-04-28,2025-04-09,face-to-face,Plan,34565.2,16.9,Light-Touch,"[{""Address_Type"": ""SDA"", ""Effective_Date"": ""2024-04-28""}]",N
PL1058,d7ee9bfbc9029e1a20287dbe40615d21,2023-07-06,2024-06-09,digital,Agency,50666.87,10.1,Full-Reassess,"[{""Address_Type"": ""Private"", ""Effective_Date"": ""2023-07-06""}]",Y
PL1059,f400319bdf38bd1cd0cdd26be5fd3ff7,2024-05-06,2025-05-08,phone,Self,11300.07,28.7,Full-Reassess,"[{""Address_Type"": ""RACF"", ""Effective_Date"": ""2024-05-06""}]",Y
PL1060,a779e46aefe7ba642f18e8ca3755b6b7,2023-10-06,2024-10-14,phone,Plan,49890.22,33.7,Initial,"[{""Address_Type"": ""RACF"", ""Effective_Date"": ""2023-10-06""}]",Y
PL1061,69adae9a03cc5d479c7927a42b771d75,2024-04-01,2025-04-02,digital,Agency,39074.72,4.5,Initial,"[{""Address_Type"": ""SDA"", ""Effective_Date"": ""2024-04-01""}]",N
PL1062,a120da72c84fbda134310fd381c9ac33,2023-07-28,2024-07-28,phone,Plan,31690.72,37.3,Light-Touch,"[{""Address_Type"": ""SDA"", ""Effective_Date"": ""2023-07-28""}]",N
PL1063,887856e23742a8598538f832e343008e,2024-03-06,2025-02-24,phone,Agency,44750.44,19.8,Full-Reassess,"[{""Address_Type"": ""Private"", ""Effective_Date"": ""2024-03-06""}]",N
PL1064,15c51319a2f4ce25a053048a910c8804,2024-05-23,2025-04-22,face-to-face,Agency,52635.08,28.1,Initial,"[{""Address_Type"": ""RACF"", ""Effective_Date"": ""2024-05-23""}]",N
PL1065,506d21177ae37515e68d2da14664b0f4,2023-07-06,2024-07-06,face-to-face,Plan,16430.5,1.8,Initial,"[{""Address_Type"": ""RACF"", ""Effective_Date"": ""2023-07-06""}]",N
PL1066,0a8a7bfcffac91393d42126c3328a8c7,2023-06-03,2024-06-11,digital,Self,36252.3,2.0,Light-Touch,"[{""Address_Type"": ""RACF"", ""Effective_Date"": ""2023-06-03""}]",N
PL1067,047b8da4d691fc193c16d7b168394697,2024-06-14,2025-06-18,face-to-face,Plan,9863.08,20.2,Full-Reassess,"[{""Address_Type"": ""RACF"", ""Effective_Date"": ""2024-06-14""}]",N
PL1068,9dce8f91ba8b0112e2e33254cda15e16,2024-03-06,2025-01-31,digital,Self,8653.07,23.8,Light-Touch,"[{""Address_Type"": ""Private"", ""Effective_Date"": ""2024-03-06""}]",N
PL1069,930b6983dee9e93f265a356aeb05ff87,2024-06-03,2025-06-05,phone,Agency,50317.34,23.8,Initial,"[{""Address_Type"": ""Private"", ""Effective_Date"": ""2024-06-03""}]",N
PL1070,32b39fc31396b582de6fdb2cce6cc2bb,2024-04-24,2025-04-14,phone,Self,8838.04,36.4,Full-Reassess,"[{""Address_Type"": ""SDA"", ""Effective_Date"": ""2024-04-24""}]",N
PL1071,4c82d9a422c7db1a37912f59b2d417dd,2023-10-24,2024-10-29,digital,Agency,56457.29,15.7,Initial,"[{""Address_Type"": ""SIL"", ""Effective_Date"": ""2023-10-24""}]",N
PL1072,35dc8eca7e7d5442dc3a196b5e1716bc,2024-01-26,2025-01-15,phone,Agency,21243.92,1.5,Full-Reassess,"[{""Address_Type"": ""Private"", ""Effective_Date"": ""2024-01-26""}]",N
PL1073,025a9a3fa705a60524fde38aea66e13b,2024-06-05,2025-05-31,digital,Plan,30131.94,12.7,Light-Touch,"[{""Address_Type"": ""Private"", ""Effective_Date"": ""2024-06-05""}]",N
PL1074,7d0e2831975968f3b0b3dcc54f51f874,2024-07-21,2025-06-30,face-to-face,Agency,11658.59,37.9,Full-Reassess,"[{""Address_Type"": ""RACF"", ""Effective_Date"": ""2024-07-21""}]",N
PL1075,28c2726c7554483c8d77225e3dfc91bf,2023-06-14,2024-05-13,phone,Self,13969.59,13.1,Light-Touch,"[{""Address_Type"": ""SDA"", ""Effective_Date"": ""2023-06-14""}]",N
PL1076,38b0dc603760be93ca06a0470361a8d7,2024-04-16,2025-03-28,phone,Self,17834.69,2.9,Light-Touch,"[{""Address_Type"": ""RACF"", ""Effective_Date"": ""2024-04-16""}]",N
PL1077,13583bb1d4525eea686fbd2f26cd7bdd,2023-06-23,2024-05-27,face-to-face,Self,28961.51,9.7,Full-Reassess,"[{""Address_Type"": ""RACF"", ""Effective_Date"": ""2023-06-23""}]",N
PL1078,dc3330d490c83a70543af027332f2bab,2024-02-10,2025-02-14,phone,Self,6776.73,7.7,Full-Reassess,"[{""Address_Type"": ""SDA"", ""Effective_Date"": ""2024-02-10""}]",N
PL1079,81fb16414885dedd75bda05f2277fc6c,2023-07-30,2024-07-27,face-to-face,Plan,35725.85,13.8,Initial,"[{""Address_Type"": ""SIL"", ""Effective_Date"": ""2023-07-30""}]",Y
PL1080,2c791bd142a240e36eb1548b552de568,2024-06-23,2025-06-30,digital,Plan,6681.81,30.2,Light-Touch,"[{""Address_Type"": ""RACF"", ""Effective_Date"": ""2024-06-23""}]",N
PL1081,4a76a3781dbfd70796c760f91449f5f9,2023-09-23,2024-09-05,phone,Plan,49460.76,5.9,Full-Reassess,"[{""Address_Type"": ""RACF"", ""Effective_Date"": ""2023-09-23""}]",N
PL1082,5520b75fc38f786f4b191c5794ddd7a4,2023-10-16,2024-09-15,digital,Self,35760.5,39.2,Full-Reassess,"[{""Address_Type"": ""RACF"", ""Effective_Date"": ""2023-10-16""}]",N
PL1083,f00a90afe1b45d6a390c7f29d038d95e,2024-05-01,2025-04-27,phone,Self,14981.43,27.2,Initial,"[{""Address_Type"": ""SIL"", ""Effective_Date"": ""2024-05-01""}]",N
PL1084,f76d5d5e977eb2e4e9c933610829f350,2024-04-03,2025-03-27,face-to-face,Plan,55274.57,4.3,Full-Reassess,"[{""Address_Type"": ""Private"", ""Effective_Date"": ""2024-04-03""}]",N
PL1085,ccf421243c257c15f9519bed880f4715,2023-06-19,2024-05-20,face-to-face,Plan,27985.28,3.8,Full-Reassess,"[{""Address_Type"": ""Private"", ""Effective_Date"": ""2023-06-19""}]",Y
PL1086,c3983fb43f43f0f25bfb4cb1d2be5ce3,2023-11-30,2024-12-07,phone,Agency,52568.23,29.8,Full-Reassess,"[{""Address_Type"": ""Private"", ""Effective_Date"": ""2023-11-30""}]",N
PL1087,ca9e3900d6502f66f06af29e199a5758,2024-08-04,2025-06-30,digital,Self,9341.9,11.9,Initial,"[{""Address_Type"": ""SDA"", ""Effective_Date"": ""2024-08-04""}]",N
PL1088,c123783c0c01eb7061a7cfcd73194c06,2024-06-20,2025-06-07,digital,Agency,22605.04,12.6,Initial,"[{""Address_Type"": ""Private"", ""Effective_Date"": ""2024-06-20""}]",Y
PL1089,768bdd6ee2b1c44f968060018aaa8685,2023-11-01,2024-10-09,phone,Self,17582.81,20.0,Full-Reassess,"[{""Address_Type"": ""SIL"", ""Effective_Date"": ""2023-11-01""}]",N
PL1090,78ef8b35763a9f3e1ce518575bcdec88,2023-08-24,2024-07-29,digital,Self,58221.55,0.7,Light-Touch,"[{""Address_Type"": ""Private"", ""Effective_Date"": ""2023-08-24""}]",N
PL1091,8f4e3ea4a0decf02a398060787d94d0c,2024-06-27,2025-06-02,face-to-face,Plan,14070.66,3.4,Light-Touch,"[{""Address_Type"": ""RACF"", ""Effective_Date"": ""2024-06-27""}]",N
PL1092,c61079670b2998bcab10264d71fe248b,2023-06-18,2024-06-03,phone,Agency,10523.49,21.6,Initial,"[{""Address_Type"": ""RACF"", ""Effective_Date"": ""2023-06-18""}]",N
PL1093,d2d113de716aab92dd448673d908593c,2023-08-24,2024-08-21,phone,Plan,42133.87,9.6,Light-Touch,"[{""Address_Type"": ""SIL"", ""Effective_Date"": ""2023-08-24""}]",Y
PL1094,f18ab1cde435ffbe3b240c501443fa24,2024-03-15,2025-03-07,face-to-face,Plan,31811.67,39.0,Full-Reassess,"[{""Address_Type"": ""Private"", ""Effective_Date"": ""2024-03-15""}]",Y
PL1095,b95ed923a70e8a79908669dc765ffe4e,2023-12-20,2024-11-17,face-to-face,Self,38560.88,12.8,Initial,"[{""Address_Type"": ""SDA"", ""Effective_Date"": ""2023-12-20""}]",N
PL1096,9841001d8ebda5d9b2825207063e5b70,2023-08-26,2024-08-24,face-to-face,Agency,12703.22,6.4,Full-Reassess,"[{""Address_Type"": ""RACF"", ""Effective_Date"": ""2023-08-26""}]",N
PL1097,0b1191d0fe69cfc4d421e5837b3a0f05,2023-09-11,2024-08-28,digital,Agency,40931.24,39.0,Light-Touch,"[{""Address_Type"": ""Private"", ""Effective_Date"": ""2023-09-11""}]",Y
PL1098,68009372a41e1a87d4efd208c5978df6,2024-02-11,2025-02-18,phone,Agency,25965.56,1.6,Initial,"[{""Address_Type"": ""Private"", ""Effective_Date"": ""2024-02-11""}]",N
PL1099,587e34cba2eba887f34a2dacac46400f,2023-09-28,2024-09-28,digital,Plan,56626.16,38.2,Light-Touch,"[{""Address_Type"": ""Private"", ""Effective_Date"": ""2023-09-28""}]",N
PL1100,822678fd5e8e62412137f442af335469,2023-11-12,2024-10-07,phone,Plan,7067.9,10.4,Light-Touch,"[{""Address_Type"": ""SIL"", ""Effective_Date"": ""2023-11-12""}]",N
PL1101,db18e2c982c1130b13711fa37a9229c4,2024-05-26,2025-04-25,face-to-face,Agency,31839.95,34.7,Light-Touch,"[{""Address_Type"": ""SDA"", ""Effective_Date"": ""2024-05-26""}]",N
PL1102,9881ab69757b54818e4c4516926d9146,2023-08-18,2024-08-01,face-to-face,Self,37129.82,21.4,Full-Reassess,"[{""Address_Type"": ""SDA"", ""Effective_Date"": ""2023-08-18""}]",N
PL1103,3285b63cbe0db56ce627398c74d18e2f,2023-12-08,2024-12-07,digital,Plan,52801.33,39.7,Full-Reassess,"[{""Address_Type"": ""SDA"", ""Effective_Date"": ""2023-12-08""}]",N
PL1104,702a0a14bd78e20a2107a7bbce95ab49,2024-01-11,2024-12-18,digital,Agency,45931.34,35.8,Light-Touch,"[{""Address_Type"": ""Private"", ""Effective_Date"": ""2024-01-11""}]",N
PL1105,556996fae81f6c6668285c65e9d8feb5,2023-09-13,2024-09-18,phone,Plan,42504.19,29.4,Light-Touch,"[{""Address_Type"": ""RACF"", ""Effective_Date"": ""2023-09-13""}]",N
PL1106,81c5dcc8e217eeba1d4dfa48d4c1d713,2024-04-18,2025-04-29,digital,Plan,30239.17,33.6,Light-Touch,"[{""Address_Type"": ""RACF"", ""Effective_Date"": ""2024-04-18""}]",N
PL1107,ae55e1da098ad5efc535c5f3d3804a0c,2024-07-29,2025-06-30,phone,Self,37094.93,3.8,Initial,"[{""Address_Type"": ""Private"", ""Effective_Date"": ""2024-07-29""}]",N
PL1108,7cd6c2a70ed5140d3d48e7ab790c81c6,2024-02-17,2025-02-05,digital,Agency,19638.6,35.8,Full-Reassess,"[{""Address_Type"": ""Private"", ""Effective_Date"": ""2024-02-17""}]",N
PL1109,339e0a7570dccefe7a9396a76351ce94,2024-02-03,2025-01-31,face-to-face,Plan,21361.59,15.6,Full-Reassess,"[{""Address_Type"": ""RACF"", ""Effective_Date"": ""2024-02-03""}]",N
PL1110,85cdf31e730591ce7e5812a3c8e4c720,2023-07-14,2024-07-06,digital,Plan,45166.57,1.3,Initial,"[{""Address_Type"": ""SIL"", ""Effective_Date"": ""2023-07-14""}]",N
PL1111,fc99718595cbb5a11ee7000f58164ceb,2024-03-09,2025-02-19,face-to-face,Agency,34926.72,2.2,Full-Reassess,"[{""Address_Type"": ""RACF"", ""Effective_Date"": ""2024-03-09""}]",N
PL1112,e593acfbfb424d66dec48440d3b0a6eb,2023-06-02,2024-05-24,digital,Self,7035.56,23.4,Light-Touch,"[{""Address_Type"": ""Private"", ""Effective_Date"": ""2023-06-02""}]",N
PL1113,f064c32a2f0f253307987d5ccfe5b99c,2023-09-06,2024-08-15,phone,Self,32321.21,23.6,Full-Reassess,"[{""Address_Type"": ""RACF"", ""Effective_Date"": ""2023-09-06""}]",N
PL1114,8dcfb52aabdaa74bb865bab2ef38406f,2024-04-16,2025-04-05,phone,Agency,52342.42,39.6,Light-Touch,"[{""Address_Type"": ""Private"", ""Effective_Date"": ""2024-04-16""}]",Y
PL1115,0557dfcb6520443bca07aa6b364054ad,2023-08-20,2024-08-12,face-to-face,Plan,42617.07,12.2,Full-Reassess,"[{""Address_Type"": ""SIL"", ""Effective_Date"": ""2023-08-20""}]",N
PL1116,b9234293c93052e9aff1c01368e00e07,2024-05-23,2025-04-21,digital,Agency,10495.71,39.3,Initial,"[{""Address_Type"": ""SIL"", ""Effective_Date"": ""2024-05-23""}]",N
PL1117,6da0ddf92b51743bcd9670a03db89324,2024-02-21,2025-01-26,phone,Agency,18100.18,39.4,Light-Touch,"[{""Address_Type"": ""SDA"", ""Effective_Date"": ""2024-02-21""}]",N
PL1118,3dbfad08790d6813c38022104200e4e6,2024-01-04,2024-12-27,digital,Self,24666.43,30.6,Full-Reassess,"[{""Address_Type"": ""SDA"", ""Effective_Date"": ""2024-01-04""}]",N
PL1119,cb5e421007414d2d0eba35b10daa9918,2023-09-03,2024-09-15,phone,Agency,52247.07,24.6,Full-Reassess,"[{""Address_Type"": ""SIL"", ""Effective_Date"": ""2023-09-03""}]",N
